<?xml version="1.0" encoding="UTF-8"?>
<!DOCTYPE article [
<!ENTITY delta "&#160;">
<!ENTITY commat "&#160;">
<!ENTITY copy "&#160;">
<!ENTITY alpha "&#160;">
<!ENTITY beta "&#160;">
<!ENTITY gamma "&#160;">
<!ENTITY mdash "&#160;">
<!ENTITY ndash "&#160;">
<!ENTITY mu "&#160;">
<!ENTITY lsqb "&#160;">
<!ENTITY rsqb "&#160;">
<!ENTITY percnt "&#160;">
<!ENTITY plusmn "&#160;">
<!ENTITY ldquo "&#160;">
<!ENTITY rdquo "&#160;">
<!ENTITY times "&#160;">
]>
<article dtd-version="1.1" xmlns:mml="http://www.w3.org/1998/Math/MathML" xmlns:xlink="http://www.w3.org/1999/xlink">
	<front>
		<journal-meta>
			<journal-id journal-id-type="publisher">pbio</journal-id>
			<journal-id journal-id-type="nlm-ta">PLOS Biol</journal-id>
			<journal-id journal-id-type="pmc">plosbiol</journal-id>
			<journal-title>PLoS Biology</journal-title>
			<issn pub-type="epub">1545-7885</issn>
			<issn pub-type="ppub">1544-9173</issn>
			<publisher>
				<publisher-name>Public Library of Science</publisher-name>
				<publisher-loc>San Francisco, USA</publisher-loc>
			</publisher>
		</journal-meta>
		<article-meta>
			<article-id pub-id-type="doi">10.1371/journal.pbio.0020294</article-id>
			<article-categories>
				<subj-group subj-group-type="Article Type">
					<subject>Research Article</subject>
				</subj-group>
				<subj-group subj-group-type="Discipline">
					<subject>Bioengineering</subject>
					<subject>Biotechnology</subject>
					<subject>Cell Biology</subject>
					<subject>Development</subject>
					<subject>Molecular Biology/Structural Biology</subject>
					<subject>Physiology</subject>
				</subj-group>
				<subj-group subj-group-type="System Taxonomy">
					<subject>Mus (mouse)</subject>
				</subj-group>
			</article-categories>
			<title-group>
				<article-title>Regulation of Muscle Fiber Type and Running Endurance by PPAR&delta;</article-title>
				<alt-title alt-title-type="running-head">PPAR&delta; Regulates Muscle Fiber and Endurance</alt-title>
			</title-group>
			<contrib-group>
				<contrib contrib-type="author">
					<name>
						<surname>Wang</surname>
						<given-names>Yong-Xu</given-names>
					</name>
					<xref ref-type="aff" rid="aff1"><sup>1</sup></xref>
				</contrib>
				<contrib contrib-type="author">
					<name>
						<surname>Zhang</surname>
						<given-names>Chun-Li</given-names>
					</name>
					<xref ref-type="aff" rid="aff1"><sup>1</sup></xref>
				</contrib>
				<contrib contrib-type="author">
					<name>
						<surname>Yu</surname>
						<given-names>Ruth T</given-names>
					</name>
					<xref ref-type="aff" rid="aff1"><sup>1</sup></xref>
				</contrib>
				<contrib contrib-type="author">
					<name>
						<surname>Cho</surname>
						<given-names>Helen K</given-names>
					</name>
					<xref ref-type="aff" rid="aff1"><sup>1</sup></xref>
				</contrib>
				<contrib contrib-type="author">
					<name>
						<surname>Nelson</surname>
						<given-names>Michael C</given-names>
					</name>
					<xref ref-type="aff" rid="aff1"><sup>1</sup></xref>
					<xref ref-type="aff" rid="aff2"><sup>2</sup></xref>
				</contrib>
				<contrib contrib-type="author">
					<name>
						<surname>Bayuga-Ocampo</surname>
						<given-names>Corinne R</given-names>
					</name>
					<xref ref-type="aff" rid="aff1"><sup>1</sup></xref>
				</contrib>
				<contrib contrib-type="author">
					<name>
						<surname>Ham</surname>
						<given-names>Jungyeob</given-names>
					</name>
					<xref ref-type="aff" rid="aff3"><sup>3</sup></xref>
				</contrib>
				<contrib contrib-type="author">
					<name>
						<surname>Kang</surname>
						<given-names>Heonjoong</given-names>
					</name>
					<xref ref-type="aff" rid="aff3"><sup>3</sup></xref>
				</contrib>
				<contrib contrib-type="author" corresp="yes">
					<name>
						<surname>Evans</surname>
						<given-names>Ronald M</given-names>
					</name>
					<email xmlns:xlink="http://www.w3.org/1999/xlink" xlink:type="simple">evans&commat;salk.edu</email>
					<xref ref-type="aff" rid="aff1"><sup>1</sup></xref>
					<xref ref-type="aff" rid="aff2"><sup>2</sup></xref>
				</contrib>
			</contrib-group>
			<aff id="aff1"><bold>1</bold>
				<institution>Gene Expression Laboratory, Salk Institute</institution>
				<addr-line>La Jolla, California</addr-line>
				<country>United States of America</country>
			</aff>
			<aff id="aff2"><bold>2</bold>
				<institution>Howard Hughes Medical Institute</institution>
				<addr-line>La Jolla, California</addr-line>
				<country>United States of America</country>
			</aff>
			<aff id="aff3"><bold>3</bold>
				<institution>Marine Biotechnology Laboratory, School of Earth and Environmental Sciences</institution>
				<addr-line>Seoul National University, Seoul</addr-line>
				<country>Korea</country>
			</aff>
			<pub-date pub-type="ppub">
				<month>10</month>
				<year>2004</year>
			</pub-date>
			<pub-date pub-type="epub">
				<day>24</day>
				<month>8</month>
				<year>2004</year>
			</pub-date>
			<volume>2</volume>
			<issue>10</issue>
			<elocation-id>e294</elocation-id>
			<history>
				<date date-type="received">
					<day>22</day>
					<month>3</month>
					<year>2004</year>
				</date>
				<date date-type="accepted">
					<day>6</day>
					<month>7</month>
					<year>2004</year>
				</date>
			</history>
			<copyright-statement>Copyright: &copy; 2004 Wang et al. This is an open-access article distributed under the terms of the Creative Commons Attribution License, which permits unrestricted use, distribution, and reproduction in any medium, provided the original work is properly cited</copyright-statement>
			<copyright-year>2004</copyright-year>
			<related-article related-article-type="companion" xlink:title="synopsis" xlink:href="doi:10.1371/journal.pbio.0020322" vol="2" page="e322">
				<article-title>Gene Targeting Turns Mice into Long-Distance Runners</article-title>
			</related-article>
			<related-article related-article-type="companion" xlink:title="primer" xlink:href="doi:10.1371/journal.pbio.0020348" vol="2" page="e348">
				<article-title>Skeletal Muscle Fiber Type: Influence on Contractile and Metabolic Properties</article-title>
			</related-article>
			<abstract>
				<p>Endurance exercise training can promote an adaptive muscle fiber transformation and an increase of mitochondrial biogenesis by triggering scripted changes in gene expression. However, no transcription factor has yet been identified that can direct this process. We describe the engineering of a mouse capable of continuous running of up to twice the distance of a wild-type littermate. This was achieved by targeted expression of an activated form of peroxisome proliferator-activated receptor &delta; (PPAR&delta;) in skeletal muscle, which induces a switch to form increased numbers of type I muscle fibers. Treatment of wild-type mice with PPAR&delta; agonist elicits a similar type I fiber gene expression profile in muscle. Moreover, these genetically generated fibers confer resistance to obesity with improved metabolic profiles, even in the absence of exercise. These results demonstrate that complex physiologic properties such as fatigue, endurance, and running capacity can be molecularly analyzed and manipulated.</p>
			</abstract>
			<abstract abstract-type="toc">
				<p>Engineered expression of the peroxisome proliferator-activated receptor &delta; in skeletal muscle increases type I muscle fibers allowing the modified mice to run twice the distance of wild-type littermates</p>
			</abstract>
		</article-meta>
	</front>
	<body>
		<sec id="s1">
			<title>Introduction</title>
			<p>Skeletal muscle fibers are generally classified as type I (oxidative/slow) or type II (glycolytic/fast) fibers. They display marked differences in respect to contraction, metabolism, and susceptibility to fatigue. Type I fibers are mitochondria-rich and mainly use oxidative metabolism for energy production, which provides a stable and long-lasting supply of ATP, and thus are fatigue-resistant. Type II fibers comprise three subtypes, IIa, IIx, and IIb. Type IIb fibers have the lowest levels of mitochondrial content and oxidative enzymes, rely on glycolytic metabolism as a major energy source, and are susceptible to fatigue, while the oxidative and contraction functions of type IIa and IIx lie between type I and IIb (<xref ref-type="bibr" rid="pbio-0020294-Booth1">Booth and Thomason 1991</xref>; <xref ref-type="bibr" rid="pbio-0020294-Berchtold1">Berchtold et al. 2000</xref>; <xref ref-type="bibr" rid="pbio-0020294-Olson1">Olson and Williams 2000</xref>). Adult skeletal muscle shows plasticity and can undergo conversion between different fiber types in response to exercise training or modulation of motoneuron activity (<xref ref-type="bibr" rid="pbio-0020294-Booth1">Booth and Thomason 1991</xref>, <xref ref-type="bibr" rid="pbio-0020294-Jarvis1">Jarvis et al. 1996</xref>; <xref ref-type="bibr" rid="pbio-0020294-Pette1">Pette 1998</xref>; <xref ref-type="bibr" rid="pbio-0020294-Olson1">Olson and Williams 2000</xref>; <xref ref-type="bibr" rid="pbio-0020294-Hood1">Hood 2001</xref>). This conversion of muscle fiber from type IIb to type IIa and type I is likely to be mediated by a calcium signaling pathway that involves calcineurin, calmodulin-dependent kinase, and the transcriptional cofactor Peroxisome proliferator-activated receptor-gamma coactivator 1&alpha; (PGC-1&alpha;) (<xref ref-type="bibr" rid="pbio-0020294-Naya1">Naya et al. 2000</xref>; <xref ref-type="bibr" rid="pbio-0020294-Olson1">Olson and Williams 2000</xref>; <xref ref-type="bibr" rid="pbio-0020294-Lin1">Lin et al. 2002</xref>; <xref ref-type="bibr" rid="pbio-0020294-Wu1">Wu et al. 2002</xref>). However, the targeted transcriptional factors directly responsible for reprogramming the fiber-specific contractile and metabolic genes remain to be identified.</p>
			<p>Muscle fiber specification appears to be associated with obesity and diabetes. For instance, rodents that gain the most weight on high-fat diets possess fewer type I fibers (<xref ref-type="bibr" rid="pbio-0020294-Abou1">Abou et al. 1992</xref>). In obese patients, skeletal muscle has been observed to have reduced oxidative capacity, increased glycolytic capacity, and a decreased percentage of type I fibers (<xref ref-type="bibr" rid="pbio-0020294-Hickey1">Hickey et al. 1995</xref>; <xref ref-type="bibr" rid="pbio-0020294-Tanner1">Tanner et al. 2002</xref>). Similar observations have been made in type 2 diabetic patients (<xref ref-type="bibr" rid="pbio-0020294-Lillioja1">Lillioja et al. 1987</xref>; <xref ref-type="bibr" rid="pbio-0020294-Hickey1">Hickey et al. 1995</xref>). Recently, it has been shown that increasing oxidative fibers can lead to improved insulin action and reduced adipocyte size (<xref ref-type="bibr" rid="pbio-0020294-Luquet1">Luquet et al. 2003</xref>; <xref ref-type="bibr" rid="pbio-0020294-Ryder1">Ryder et al. 2003</xref>).</p>
			<p>We have previously established that peroxisome proliferator-activated receptor (PPAR) &delta; is a major transcriptional regulator of fat burning in adipose tissue through activation of enzymes associated with long-chain fatty-acid &beta;-oxidation (<xref ref-type="bibr" rid="pbio-0020294-Wang1">Wang et al. 2003</xref>). Although PPAR&delta; is the predominant PPAR isoform present in skeletal muscle, its in vivo function has not been determined. Our current study uncovers PPAR&delta; as the first transcription factor able to drive the formation of functional type I muscle fibers, whose activation entrains complex pathways both enhancing physical performance and creating a state of obesity resistance.</p>
		</sec>
		<sec id="s2">
			<title>Results</title>
			<sec id="s2a">
				<title>Activation of PPAR&delta; Leads to Muscle Fiber Transformation</title>
				<p>A role of PPAR&delta; in muscle fiber was suggested by its enhanced expression&mdash;at levels 10-fold and 50-fold greater than PPAR&alpha; and &gamma; isoforms, respectively (unpublished data). An examination of PPAR&delta; in different muscle fibers reveals a significantly higher level in type I muscle (soleus) relative to type II&ndash;rich muscle (extensor digitorum longus) or type I and type II mixed muscle (gastrocnemius) (<xref ref-type="fig" rid="pbio-0020294-g001">Figure 1</xref>A); this expression pattern closely resembles that of PGC-1&alpha; (<xref ref-type="bibr" rid="pbio-0020294-Lin1">Lin et al. 2002</xref>). A similar pattern but with more pronounced differences was found at the protein level (<xref ref-type="fig" rid="pbio-0020294-g001">Figure 1</xref>B).</p>
				<fig id="pbio-0020294-g001" position="float">
					<label>Figure 1</label>
					<caption>
						<title>Expression of Endogenous PPAR&delta; and VP16-PPAR&delta; Transgene in Muscle</title>
						<p>(A) Pooled RNA isolated from various muscles of five wild-type male C57B6 mice was hybridized with indicated probes. EDL, extensor digitorum longus; Gastro, gastrocnemius.</p>
						<p>(B) Pooled nuclear proteins (15 &mu;g/lane) isolated from muscles of five wild-type male C57B6 were probed with anti-PPAR&delta; antibody. RNA polymerase II (Pol II) is shown as a loading control.</p>
						<p>(C) Expression of the VP16-PPAR&delta; transgene in various tissues. 10 &mu;g of total RNA from each tissue was hybridized with a VP16 cDNA probe. Gastrocnemius muscle was used here.</p>
						<p>(D) Nuclear proteins (15 &mu;g/lane) isolated from gastrocnemius muscle of the transgenic mice (TG) and the wild-type littermates (WT) were probed with indicated antibodies. The upper, nonspecific band that cross-reacted with the anti-PPAR&delta; antibody serves a loading control.</p>
					</caption>
					<graphic xlink:href="doi:10.1371/journal.pbio.0020294.g001.tif"/>
				</fig>
				<p>To directly assess the role of activation of PPAR&delta; in control of muscle fiber plasticity and mitochondrial biogenesis, we generated mice expressing a transgene in which the 78-amino-acid VP16 activation domain was fused to the N-terminus of full-length PPAR&delta;, under control of the 2.2-kb human &alpha;-skeletal actin promoter. In agreement with the previous characterization of this promoter (<xref ref-type="bibr" rid="pbio-0020294-Brennan1">Brennan and Hardeman 1993</xref>; <xref ref-type="bibr" rid="pbio-0020294-Clapham1">Clapham et al. 2000</xref>), the VP16-PPAR&delta; transgene was selectively expressed in skeletal muscle, with 10-fold less in the heart (<xref ref-type="fig" rid="pbio-0020294-g001">Figure 1</xref>C). Among different types of muscle fibers, the levels of VP16-PPAR&delta; expression appeared to be similar (unpublished data). As shown in <xref ref-type="fig" rid="pbio-0020294-g001">Figure 1</xref>D for gastrocnemius muscle, VP16-PPAR&delta; fusion protein was produced at a level similar to that of endogenous PPAR&delta; in wild-type littermates. Interestingly, the level of endogenous muscle PPAR&delta; protein in the transgenic mice was much higher than in the control littermates. The substantial increase of endogenous PPAR&delta; may have been caused by a switch to type I fiber (see below), which intrinsically expresses higher levels of PPAR&delta; (<xref ref-type="fig" rid="pbio-0020294-g001">Figure 1</xref>A and <xref ref-type="fig" rid="pbio-0020294-g001">1</xref>B).</p>
				<p>Type I muscle can be readily distinguished from type II or mixed muscle by its red color, because of its high concentration of myoglobin, a protein typically expressed in oxidative muscle fibers. We found that muscles in the transgenic mice appeared redder (<xref ref-type="fig" rid="pbio-0020294-g002">Figure 2</xref>A), which is particularly evident in the mixed type I/II fibers of the hindlimb (<xref ref-type="fig" rid="pbio-0020294-g002">Figure 2</xref>B). Indeed, metachromatic staining revealed a substantial muscle fiber transformation (<xref ref-type="fig" rid="pbio-0020294-g002">Figure 2</xref>C). In gastrocnemius muscle, we estimated that there was a 2-fold increase of type I fibers. A diagnostic component of oxidative fibers is their high myoglobin and mitochondrial content, which is supported by the mRNA analysis shown in <xref ref-type="fig" rid="pbio-0020294-g003">Figure 3</xref>A. In addition to myoglobin, mitochondrial components for electron transfer (cytochrome c and cytochrome c oxidase &lsqb;COX&rsqb; II and IV) and fatty-acid &beta;-oxidation enzymes were elevated (<xref ref-type="fig" rid="pbio-0020294-g003">Figure 3</xref>A; unpublished data). These effects appear to be direct consequences of PPAR&delta; activation, as levels of PGC-1&alpha;, a coactivator involved in muscle fiber switch and mitochondrial biogenesis (<xref ref-type="bibr" rid="pbio-0020294-Wu2">Wu et al. 1999</xref>; <xref ref-type="bibr" rid="pbio-0020294-Lehman1">Lehman et al. 2000</xref>; <xref ref-type="bibr" rid="pbio-0020294-Lin1">Lin et al. 2002</xref>), remained unchanged. Southern blot analysis detected a substantially higher copy number of the mitochondrial genome&ndash;encoded COXII DNA in the transgenic mice (<xref ref-type="fig" rid="pbio-0020294-g003">Figure 3</xref>B). Mitochondrial DNA was increased 2.3-fold in gastrocnemius muscle of the transgenic mice (<xref ref-type="fig" rid="pbio-0020294-g003">Figure 3</xref>C). These results reveal a marked stimulation of mitochondrial biogenesis and further support the idea that there is a muscle fiber switch. This conclusion was also confirmed by Western blot analysis. As shown in <xref ref-type="fig" rid="pbio-0020294-g003">Figure 3</xref>D, the characteristic type I fiber proteins, such as myoglobin and cytochrome c and b, were significantly increased. More importantly, the specialized contraction protein troponin I (slow) of type I fiber was robustly induced; this was accompanied by a marked reduction of the specialized contraction protein troponin I (fast) of type II fiber, indicating a high degree of fiber transformation. We next examined whether acute activation of endogenous PPAR&delta; would induce similar target genes. In agreement with the chronic effects in the transgenic mice, we found that, after treatment of wild-type C57B6J mice with the PPAR&delta;-specific agonist GW501516 for only 10 d, genes for slow fiber contractile proteins, mitochondrial biogenesis, and &beta;-oxidation were all upregulated (<xref ref-type="fig" rid="pbio-0020294-g003">Figure 3</xref>E). This indicates that rapid, systematic, and coordinated changes of muscle fiber properties toward type I can be achieved by activation of the endogenous PPAR&delta; pathway.</p>
				<fig id="pbio-0020294-g002" position="float">
					<label>Figure 2</label>
					<caption>
						<title>Increased Oxidative Type I Fibers in the Transgenic Mice</title>
						<p>(A and B) Muscles in transgenic mice (TG) are redder than those in wild-type mice (WT).</p>
						<p>(C) Metachromatic staining of the type II plantaris muscle. Type I fibers are stained dark blue.</p>
					</caption>
					<graphic xlink:href="doi:10.1371/journal.pbio.0020294.g002.tif"/>
				</fig>
				<fig id="pbio-0020294-g003" position="float">
					<label>Figure 3</label>
					<caption>
						<title>Activation of PPAR&delta; Induces Genes Typical for Type I Fibers and Promotes Mitochondrial Biogenesis</title>
						<p>(A) Total RNA (10 &mu;g/lane) prepared from gastrocnemius muscle of transgenic (TG) and wild-type (WT) littermates was probed with indicated probes. The fold increase of induction of each gene is shown.</p>
						<p>(B) Total genomic DNA (10 &mu;g/lane) prepared from gastrocnemius muscle was digested with Nco1 and subjected to Southern analysis with COXII (mitochondrial genome&ndash;encoded) and MCIP1 (nuclear genome&ndash;encoded) DNA probes.</p>
						<p>(C) Equal amounts of gastrocnemius muscle were collected from both transgenic mice and control littermates. Total mitochondrial DNA was isolated and separated on 1&percnt; agarose gel. The relative abundance of mitochondrial DNA in transgenic and wild-type mice is presented.</p>
						<p>(D) Western blot analysis of muscle fiber markers and mitochondrial components. Each lane was loaded with 80 &mu;g of total gastrocnemius muscle extracts.</p>
						<p>(E) Wild-type C57B6 mice were treated with vehicle or PPAR&delta; agonist GW501516 for 10 d. Total RNA (10 &mu;g/lane) prepared from the gastrocnemius muscle was probed with indicated probes.</p>
					</caption>
					<graphic xlink:href="doi:10.1371/journal.pbio.0020294.g003.tif"/>
				</fig>
			</sec>
			<sec id="s2b">
				<title>Muscle Fiber Switch by PPAR&delta; Protects Against Obesity</title>
				<p>A number of previous studies have shown that obese individuals have fewer oxidative fibers, implying that the presence of oxidative fibers alone may play a part in obesity resistance. To test this possibility, we fed the transgenic mice and their wild-type littermates with a high-fat diet for 97 d. Although the initial body weights of the two groups were very similar, the transgenic mice had gained less than 50&percnt; at day 47, and only one-third at day 97, of the weight gained by the wild-type animals (<xref ref-type="fig" rid="pbio-0020294-g004">Figure 4</xref>A). The transgenic mice displayed significantly higher oxygen consumption on the high-fat diet than the control littermates (unpublished data). By the end of this experiment, the control littermates became obese, whereas the transgenic mice still maintained a normal body weight and fat mass composition (<xref ref-type="fig" rid="pbio-0020294-g004">Figure 4</xref>A). A histological analysis of inguinal fat pad revealed a much smaller cell size in the transgenic mice (<xref ref-type="fig" rid="pbio-0020294-g004">Figure 4</xref>B), due to the increased muscle oxidative capacity. While there was no significant difference in intramuscular glycogen content, the triglyceride content was much less in the transgenic mice (<xref ref-type="fig" rid="pbio-0020294-g004">Figure 4</xref>C and <xref ref-type="fig" rid="pbio-0020294-g004">4</xref>D), which may explain their improved glucose tolerance (<xref ref-type="fig" rid="pbio-0020294-g004">Figure 4</xref>E). We also placed wild-type C57BJ6 mice on the high-fat diet and treated them with either vehicle or the PPAR&delta; agonist GW501516 for 2 mo. GW501516 produced a sustained induction of genes for type I muscle fibers; this, at least in part, resulted in an only 30&percnt; gain in body weight, a dramatically reduced fat mass accumulation, and improved glucose tolerance, compared to the vehicle-treated group (<xref ref-type="fig" rid="pbio-0020294-g005">Figure 5</xref>). Thus, muscle fiber conversion by stimulation with the PPAR&delta; agonist or the activated transgene has a protective role against obesity.</p>
				<fig id="pbio-0020294-g004" position="float">
					<label>Figure 4</label>
					<caption>
						<title>Resistance to High-Fat-Induced Obesity in the Transgenic Mice</title>
						<p>(A) Seven-week-old transgenic (TG) and wild-type (WT) littermates (<italic>n</italic> = 5&ndash;6 for each group) were fed with a high-fat diet for 97 d. Left panel shows net body weight gain, which was calculated for individual mice and then averaged. Right panel shows the body weights before (Day 0) and after (Day 97) high-fat feeding.</p>
						<p>(B) Histology of inguinal fat pad in the transgenic and wild-type littermates under a high-fat diet for 2 mo.</p>
						<p>(C and D) Intramuscular glycogen content (C) and triglyceride content (D) of mice in (A) after high-fat feeding (<italic>n</italic> = 6).</p>
						<p>(E) Glucose tolerance test. Mice in (A) after high-fat feeding were fasted for 6 h and then injected with glucose at a concentration of 1g/kg body weight. Then blood glucose levels were measured periodically over 2 h (<italic>n</italic> = 6).</p>
					</caption>
					<graphic xlink:href="doi:10.1371/journal.pbio.0020294.g004.tif"/>
				</fig>
				<fig id="pbio-0020294-g005" position="float">
					<label>Figure 5</label>
					<caption>
						<title>PPAR&delta; Agonists Counteract Obesity Induced by High-Fat Diet</title>
						<p>(A) Eleven-week-old wild-type C57B6 mice were fed a high-fat diet in combination with vehicle or GW501516 for 57 d. Total RNA (10 &mu;g/lane) prepared from the gastrocnemius muscle was probed with indicated probes.</p>
						<p>(B) Net body weight gain for mice in (A) after treatment was calculated for individual mice and averaged. Initial body weights were 28.54 &plusmn; 1.04 g for vehicle group (<italic>n</italic> = 5) and 28.86 &plusmn; 0.80 g for GW501516 group (<italic>n</italic> = 5).</p>
						<p>(C) Various tissue weights for mice in (A) after treatment. ifat, inguinal fat; rdfat, reproductive fat; retrofat, retroperitoneal fat.</p>
						<p>(D) Glucose tolerance test. Mice in (A) after treatment were fasted for 6 h and then injected with glucose at a concentration of 1g/kg body weight. Blood glucose levels were then measured periodically over 2 h.</p>
					</caption>
					<graphic xlink:href="doi:10.1371/journal.pbio.0020294.g005.tif"/>
				</fig>
			</sec>
			<sec id="s2c">
				<title>Activation of PPAR&delta; Enhances Physical Performance</title>
				<p>Muscle oxidative capacity is a crucial factor for determining endurance and fatigue. Indeed, type I fibers adaptively generated through exercise training are considered to be fatigue resistant. However, whether the type I fibers generated molecularly via PPAR&delta; expression can contribute to enhanced performance in the absence of previous training is unclear. In fact, the consequence of genetically induced fiber switch on running capacity has to our knowledge never been evaluated. We thus compared exercise performance between untrained, body-weight-matched transgenic and wild-type littermates. Mice were run on oxygen-infused, enclosed treadmills until exhaustion. Strikingly, the running time and distance the transgenic mice were able to sustain were increased by 67&percnt; and 92&percnt;, respectively (<xref ref-type="fig" rid="pbio-0020294-g006">Figure 6</xref>A; also see Videos <xref ref-type="supplementary-material" rid="sv001">S1</xref> and <xref ref-type="supplementary-material" rid="sv002">S2</xref>). The transgenic mice ran about 1 h longer than the controls, which translates to nearly a kilometer further. No significant differences in muscle mass (unpublished data) and daily activity (total counts of activity per hour: 1618 &plusmn; 209 for transgenic versus 1987 &plusmn; 301 for wild-type, <italic>p</italic> &gt; 0.35, <italic>n</italic> = 4) were observed between the transgenic and control mice. Thus, the remarkable increase in endurance is the physiologic manifestation of muscle fiber transformation. This suggests that genetically directed muscle fiber switch is physiologically and functionally relevant. In addition, we looked at what effect the absence of PPAR&delta; function has on exercise endurance. In the treadmill test, the PPAR&delta;-null mice could sustain only 38&percnt; of the running time and 34&percnt; of the distance of their age- and weight-matched wild-type counterparts (<xref ref-type="fig" rid="pbio-0020294-g006">Figure 6</xref>B). These results further support a role for PPAR&delta; in enhancement of physical performance.</p>
				<fig id="pbio-0020294-g006" position="float">
					<label>Figure 6</label>
					<caption>
						<title>PPAR&delta; Regulates Exercise Endurance</title>
						<p>(A) Enhanced exercise performance in the transgenic mice. Fourteen-week-old male transgenic and wild-type littermates with similar body weights (<italic>n</italic> = 4 for each group) were subjected to a forced treadmill exercise test.</p>
						<p>(B) Compromised exercise performance in PPAR&delta;-null mice. Two-month-old male PPAR&delta;-null mice and wild-type controls with similar body weights (<italic>n</italic> = 6 for each group) were subjected to a forced treadmill exercise test.</p>
						<p>(C) Functions of PPAR&delta; in skeletal muscle.</p>
					</caption>
					<graphic xlink:href="doi:10.1371/journal.pbio.0020294.g006.tif"/>
				</fig>
			</sec>
		</sec>
		<sec id="s3">
			<title>Discussion</title>
			<p>Our data reveal that a PPAR&delta;-mediated transcriptional pathway can regulate muscle fiber specification, enabling the generation of a strain of mice with a &ldquo;long-distance running&rdquo; phenotype. We show that targeted expression of an activated form of PPAR&delta; produces profound and coordinated increases in oxidation enzymes, mitochondrial biogenesis, and production of specialized type I fiber contractile proteins&mdash;the three hallmarks for muscle fiber type switching (<xref ref-type="fig" rid="pbio-0020294-g006">Figure 6</xref>C). While induction of muscle oxidation enzymes by PPAR&delta; has been seen both in vivo and in vitro (<xref ref-type="bibr" rid="pbio-0020294-Muoio1">Muoio et al. 2002</xref>; <xref ref-type="bibr" rid="pbio-0020294-Dressel1">Dressel et al. 2003</xref>; <xref ref-type="bibr" rid="pbio-0020294-Luquet1">Luquet et al. 2003</xref>; <xref ref-type="bibr" rid="pbio-0020294-Tanaka1">Tanaka et al. 2003</xref>; <xref ref-type="bibr" rid="pbio-0020294-Wang1">Wang et al. 2003</xref>), its effects shown here on muscle fiber switching are unexpected. These progressive changes in oxidative capacity in conjunction with eventual changes in type I muscle fiber lead to a dramatically improved exercise profile and protection against obesity. This does not solely depend on achieving a directed muscle fiber type switch but also requires all the associated changes in neural innervation, motor neuron function, and peripheral metabolic adaptation to enable a new integrated physiological response. Accordingly, activation of muscle PPAR&delta; essentially recapitulates the effects of exercise training even in the absence of training itself. To our knowledge, this has not been directly described for any other transcriptional factor.</p>
			<p>The muscle phenotypes described here are remarkably similar to those of transgenic mice expressing either calcineurin, calmodulin-dependent kinase, or PGC-1&alpha; (<xref ref-type="bibr" rid="pbio-0020294-Naya1">Naya et al. 2000</xref>; <xref ref-type="bibr" rid="pbio-0020294-Lin1">Lin et al. 2002</xref>; <xref ref-type="bibr" rid="pbio-0020294-Wu1">Wu et al. 2002</xref>), indicating that PPAR&delta; could be one of the hypothetical downstream transcription factors of these pathways. It is important to note that, from our ligand and gain-of-function transgenic studies, PPAR&delta; needs to be activated in order to direct the muscle fiber switch. Indeed, in a recent report by <xref ref-type="bibr" rid="pbio-0020294-Luquet1">Luquet et al. (2003)</xref>, simple overexpression of wild-type PPAR&delta; in muscle was found not to be sufficient to promote a fiber switch or obesity resistance, although certain oxidation enzymes were increased. This supports the model in <xref ref-type="fig" rid="pbio-0020294-g006">Figure 6</xref>C that the activating signal or ligand, but not the receptor, is limiting. Thus, PPAR&delta; activation, rather than merely an increase of PPAR&delta; levels, is an essential element for fiber switching and its associated functional manifestations. How might endogenous PPAR&delta; become activated naturally by exercise training? First, it is possible that exercise generates or increases endogenous ligands for PPAR&delta; as tissues are undergoing substantial increases in fatty-acid internalization and burning. Fatty acids and their metabolites can activate PPAR&delta;. A second model is that exercise may induce expression of PGC-1&alpha; (<xref ref-type="bibr" rid="pbio-0020294-Goto1">Goto et al. 2000</xref>) and thereby activate PPAR&delta;. This is consistent with previous work in which we have shown that PGC-1&alpha; physically associates with PPAR&delta; in muscle tissue and can powerfully activate it even in the absence of ligands (<xref ref-type="bibr" rid="pbio-0020294-Wang1">Wang et al. 2003</xref>). Alternatively, PPAR&delta; may be activated by a distal upstream signaling component such as a kinase cascade. Further dissecting the interactions between PPAR&delta; and its regulatory components will be necessary to fully understand the molecular basis of muscle fiber determination pertinent to exercise training.</p>
			<p>Skeletal muscle is a major site to regulate whole-body fatty-acid and glucose metabolism. We show that mice with increased oxidative fibers are resistant to high-fat-induced obesity and glucose intolerance. Moreover, ligand studies provide compelling evidence that activation of endogenous PPAR&delta; can produce similar effects. Might PPAR&delta; have any beneficial effects on glucose metabolism in the lean condition? This has not been explored; however, insulin resistance in the elderly is confined mostly to skeletal muscle and may be due to reduction of mitochondrial number and/or function (<xref ref-type="bibr" rid="pbio-0020294-Petersen1">Petersen et al. 2003</xref>). The ability of PPAR&delta; to stimulate mitochondrial biogenesis and oxidative function suggests that PPAR&delta; could be important for control of insulin resistance during normal aging. Together, these data indicate that PPAR&delta; and its ligands comprise a key molecular switch to regulate muscle fiber specification, obesity resistance, insulin sensitivity, and, most surprisingly, physical endurance. This work demonstrates that complex physiologic properties such as fatigue, endurance, and running capacity can be genetically manipulated.</p>
		</sec>
		<sec id="s4">
			<title>Materials and Methods</title>
			<sec id="s4a"><title/>
				<sec id="s4a1">
					<title>Animals.</title>
					<p>The transactivation domain (78 amino acid residues, corresponding to residues 413&ndash;490) of VP16 was fused in frame with the N-terminus of mouse PPAR&delta;. The VP16-PPAR&delta; fusion cDNA was placed downstream of the human &alpha;-skeletal actin promoter (<xref ref-type="bibr" rid="pbio-0020294-Brennan1">Brennan and Hardeman 1993</xref>), and upstream of the SV40 intron/poly(A) sequence. The transgene was purified and injected into C57BL/6J &times; CBA F1 zygotes. Transgenic mice were backcrossed with C57BL/6J for two generations. Wild-type littermates were used as controls throughout the study. On normal chow diet, the transgenic mice and control littermates used here had similar body weights. PPAR&delta;-null mice were previously generated (<xref ref-type="bibr" rid="pbio-0020294-Barak1">Barak et al. 2002</xref>). Mice were fed either a standard chow with 4&percnt; (w/w) fat content (Harlan Teklad, Harlan, Indianapolis, Indiana, United States) or a high-fat diet containing 35&percnt; (w/w) fat content (product F3282, Bioserv, Frenchtown, New Jersey, United States) as indicated. For ligand experiments, we synthesized the GW501516 compound and mice were orally gavaged daily (10 mg/kg or vehicle alone).</p>
				</sec>
				<sec id="s4a2">
					<title>Gene expression analysis and physiological studies</title>
					<p>Mouse EST clones were obtained from ATCC (Manassas, Virginia, United States), verified by sequencing, and used as Northern probes. Antibodies were obtained from Santa Cruz Biotechnology (Santa Cruz, California, United States). Total muscle protein extracts (<xref ref-type="bibr" rid="pbio-0020294-Lin1">Lin et al. 2002</xref>) and nuclear proteins (<xref ref-type="bibr" rid="pbio-0020294-Wang1">Wang et al. 2003</xref>) were prepared as described.</p>
					<p>Prior to the exercise performance test, the mice were accustomed to the treadmill (Columbus Instruments, Columbus, Ohio, United States) with a 5-min run at 7 m/min once per day for 2 d. The exercise test regimen was 10 m/min for the first 60 min, followed by 1 m/min increment increases at 15-min intervals. Exhaustion was defined when mice were unable to avoid repetitive electrical shocks.</p>
				</sec>
				<sec id="s4a3">
					<title>Muscle fiber typing and mitochondrial DNA isolation</title>
					<p>Muscle fiber typing was essentially performed using metachromatic dye&ndash;ATPase methods as described (<xref ref-type="bibr" rid="pbio-0020294-Ogilvie1">Ogilvie and Feeback 1990</xref>). Muscle mitochondria were isolated (<xref ref-type="bibr" rid="pbio-0020294-Scholte1">Scholte et al. 1997</xref>). Mitochondrial DNA was prepared and analyzed on 1&percnt; agarose gel.</p>
				</sec>
				<sec id="s4a4">
					<title>Statistical analysis</title>
					<p>Number of mice for each group used in experiments is indicated in figure legends. Values are presented as mean &plusmn; SEM. A two-tailed Student&apos;s t test was used to calculate <italic>p-</italic>values.</p>
				</sec>
			</sec>
		</sec>
		<sec id="s5">
			<title>Supporting Information</title>
			<supplementary-material id="sv001" mimetype="video/quicktime" xlink:href="doi:10.1371/journal.pbio.0020294.sv001.mov" position="anchor">
				<label>Video S1</label>
				<caption>
					<title>Beginning of Running Test</title>
					<p>This video shows the exercise performance of a representative of the transgenic mice (right chamber) and a representative of wild-type control littermates (left chamber) on the treadmill 15 min into the exercise challenge.</p>
					<p>(52.4 MB MOV).</p>
				</caption>
			</supplementary-material>
			<supplementary-material id="sv002" mimetype="video/quicktime" xlink:href="doi:10.1371/journal.pbio.0020294.sv002.mov" position="anchor">
				<label>Video S2</label>
				<caption>
					<title>Running Test 90 Min Later</title>
					<p>This video shows the exercise performance of a representative of the transgenic mice (right chamber) and a representative of wild-type control littermates (left chamber) on the treadmill 90 min into the exercise challenge.</p>
					<p>(41.7 MB MOV).</p>
				</caption>
			</supplementary-material>
		</sec>
	</body>
	<back>
		<ack>
			<p>We thank Dr. M. Downes for providing the &alpha;-skeletal actin promoter; Dr. G. D. Barish for comments on the manuscript; M.A. Lawrence for histology; Dr. S. Pfaff for the use of microscopes and photographic equipment; M. Lieberman and K.L. Schnoeker for photography; J.M. Shelton for advice on fiber staining; and E. Stevens and E. Ong for administrative assistance. YXW was supported by a postdoctoral fellowship from California Tobacco-Related Disease Research Program. JH was supported by the BK21 program, Ministry of Education, Korea. HK was supported by grant M1&ndash;0311-00&ndash;0145 from the Molecular and Cellular BioDiscovery Research Program, Ministry of Science and Technology, Korea. RME is an Investigator of the Howard Hughes Medical Institute at the Salk Institute for Biological Studies and March of Dimes Chair in Molecular and Developmental Biology. This work was supported by the Howard Hughes Medical Institute and the Hillblom Foundation.</p>
		</ack>
		<fn-group>
			<fn id="n1" fn-type="conflict">
				<p><bold>Conflicts of interest.</bold> The authors have declared that no conflicts of interest exist.</p>
			</fn>
			<fn id="n2" fn-type="con">
				<p><bold>Author contributions.</bold> YXW and RME conceived and designed the experiments. YXW, CLZ, RTY, MCN, and CRBO performed the experiments. YXW, CLZ, and RME analyzed the data. HKC, JH, and HK contributed reagents/materials/analysis tools. YXW and RME wrote the paper.</p>
			</fn>
		</fn-group>
		<ref-list>
			<title>References</title>
			<ref id="pbio-0020294-Abou1">
				<nlm-citation citation-type="journal">
					<person-group person-group-type="author">
						<name>
							<surname>Abou</surname>
							<given-names>MJ</given-names>
						</name>
						<name>
							<surname>Yakubu</surname>
							<given-names>F</given-names>
						</name>
						<name>
							<surname>Lin</surname>
							<given-names>D</given-names>
						</name>
						<name>
							<surname>Peters</surname>
							<given-names>JC</given-names>
						</name>
						<name>
							<surname>Atkinson</surname>
							<given-names>JB</given-names>
						</name><etal/>
					</person-group>
					<article-title>Skeletal muscle composition in dietary obesity-susceptible and dietary obesity-resistant rats</article-title>
					<source>Am J Physiol</source>
					<year>1992</year>
					<volume>262</volume>
					<fpage>R684</fpage>
					<lpage>R688</lpage>
				</nlm-citation>
			</ref>
			<ref id="pbio-0020294-Barak1">
				<nlm-citation citation-type="journal">
					<person-group person-group-type="author">
						<name>
							<surname>Barak</surname>
							<given-names>Y</given-names>
						</name>
						<name>
							<surname>Liao</surname>
							<given-names>D</given-names>
						</name>
						<name>
							<surname>He</surname>
							<given-names>W</given-names>
						</name>
						<name>
							<surname>Ong</surname>
							<given-names>ES</given-names>
						</name>
						<name>
							<surname>Nelson</surname>
							<given-names>MC</given-names>
						</name><etal/>
					</person-group>
					<article-title>Effects of peroxisome proliferator-activated receptor &delta; on placentation, adiposity, and colorectal cancer</article-title>
					<source>Proc Natl Acad Sci U S A</source>
					<year>2002</year>
					<volume>99</volume>
					<fpage>303</fpage>
					<lpage>308</lpage>
				</nlm-citation>
			</ref>
			<ref id="pbio-0020294-Berchtold1">
				<nlm-citation citation-type="journal">
					<person-group person-group-type="author">
						<name>
							<surname>Berchtold</surname>
							<given-names>MW</given-names>
						</name>
						<name>
							<surname>Brinkmeier</surname>
							<given-names>H</given-names>
						</name>
						<name>
							<surname>Muntener</surname>
							<given-names>M</given-names>
						</name>
					</person-group>
					<article-title>Calcium ion in skeletal muscle: Its crucial role for muscle function, plasticity, and disease</article-title>
					<source>Physiol Rev</source>
					<year>2000</year>
					<volume>80</volume>
					<fpage>1215</fpage>
					<lpage>1265</lpage>
				</nlm-citation>
			</ref>
			<ref id="pbio-0020294-Booth1">
				<nlm-citation citation-type="journal">
					<person-group person-group-type="author">
						<name>
							<surname>Booth</surname>
							<given-names>FW</given-names>
						</name>
						<name>
							<surname>Thomason</surname>
							<given-names>DB</given-names>
						</name>
					</person-group>
					<article-title>Molecular and cellular adaptation of muscle in response to exercise: Perspectives of various models</article-title>
					<source>Physiol Rev</source>
					<year>1991</year>
					<volume>71</volume>
					<fpage>541</fpage>
					<lpage>585</lpage>
				</nlm-citation>
			</ref>
			<ref id="pbio-0020294-Brennan1">
				<nlm-citation citation-type="journal">
					<person-group person-group-type="author">
						<name>
							<surname>Brennan</surname>
							<given-names>KJ</given-names>
						</name>
						<name>
							<surname>Hardeman</surname>
							<given-names>EC</given-names>
						</name>
					</person-group>
					<article-title>Quantitative analysis of the human alpha-skeletal actin gene in transgenic mice</article-title>
					<source>J Biol Chem</source>
					<year>1993</year>
					<volume>268</volume>
					<fpage>719</fpage>
					<lpage>725</lpage>
				</nlm-citation>
			</ref>
			<ref id="pbio-0020294-Clapham1">
				<nlm-citation citation-type="journal">
					<person-group person-group-type="author">
						<name>
							<surname>Clapham</surname>
							<given-names>JC</given-names>
						</name>
						<name>
							<surname>Arch</surname>
							<given-names>JR</given-names>
						</name>
						<name>
							<surname>Chapman</surname>
							<given-names>H</given-names>
						</name>
						<name>
							<surname>Haynes</surname>
							<given-names>A</given-names>
						</name>
						<name>
							<surname>Lister</surname>
							<given-names>C</given-names>
						</name><etal/>
					</person-group>
					<article-title>Mice overexpressing human uncoupling protein-3 in skeletal muscle are hyperphagic and lean</article-title>
					<source>Nature</source>
					<year>2000</year>
					<volume>406</volume>
					<fpage>415</fpage>
					<lpage>418</lpage>
				</nlm-citation>
			</ref>
			<ref id="pbio-0020294-Dressel1">
				<nlm-citation citation-type="journal">
					<person-group person-group-type="author">
						<name>
							<surname>Dressel</surname>
							<given-names>U</given-names>
						</name>
						<name>
							<surname>Allen</surname>
							<given-names>TL</given-names>
						</name>
						<name>
							<surname>Pippal</surname>
							<given-names>JB</given-names>
						</name>
						<name>
							<surname>Rohde</surname>
							<given-names>PR</given-names>
						</name>
						<name>
							<surname>Lau</surname>
							<given-names>P</given-names>
						</name><etal/>
					</person-group>
					<article-title>The peroxisome proliferator-activated receptor beta/delta agonist, GW501516, regulates the expression of genes involved in lipid catabolism and energy uncoupling in skeletal muscle cells</article-title>
					<source>Mol Endocrinol</source>
					<year>2003</year>
					<volume>17</volume>
					<fpage>2477</fpage>
					<lpage>2493</lpage>
				</nlm-citation>
			</ref>
			<ref id="pbio-0020294-Goto1">
				<nlm-citation citation-type="journal">
					<person-group person-group-type="author">
						<name>
							<surname>Goto</surname>
							<given-names>M</given-names>
						</name>
						<name>
							<surname>Terada</surname>
							<given-names>S</given-names>
						</name>
						<name>
							<surname>Kato</surname>
							<given-names>M</given-names>
						</name>
						<name>
							<surname>Katoh</surname>
							<given-names>M</given-names>
						</name>
						<name>
							<surname>Yokozeki</surname>
							<given-names>T</given-names>
						</name><etal/>
					</person-group>
					<article-title>cDNA cloning and mRNA analysis of PGC-1 in epitrochlearis muscle in swimming-exercised rats</article-title>
					<source>Biochem Biophys Res Commun</source>
					<year>2000</year>
					<volume>274</volume>
					<fpage>350</fpage>
					<lpage>354</lpage>
				</nlm-citation>
			</ref>
			<ref id="pbio-0020294-Hickey1">
				<nlm-citation citation-type="journal">
					<person-group person-group-type="author">
						<name>
							<surname>Hickey</surname>
							<given-names>MS</given-names>
						</name>
						<name>
							<surname>Carey</surname>
							<given-names>JO</given-names>
						</name>
						<name>
							<surname>Azevedo</surname>
							<given-names>JL</given-names>
						</name>
						<name>
							<surname>Houmard</surname>
							<given-names>JA</given-names>
						</name>
						<name>
							<surname>Pories</surname>
							<given-names>WJ</given-names>
						</name><etal/>
					</person-group>
					<article-title>Skeletal muscle fiber composition is related to adiposity and in vitro glucose transport rate in humans</article-title>
					<source>Am J Physiol</source>
					<year>1995</year>
					<volume>268</volume>
					<fpage>E453</fpage>
					<lpage>E457</lpage>
				</nlm-citation>
			</ref>
			<ref id="pbio-0020294-Hood1">
				<nlm-citation citation-type="journal">
					<person-group person-group-type="author">
						<name>
							<surname>Hood</surname>
							<given-names>DA</given-names>
						</name>
					</person-group>
					<article-title>Contractile activity-induced mitochondrial biogenesis in skeletal muscle</article-title>
					<source>J Appl Physiol</source>
					<year>2001</year>
					<volume>90</volume>
					<fpage>1137</fpage>
					<lpage>1157</lpage>
				</nlm-citation>
			</ref>
			<ref id="pbio-0020294-Jarvis1">
				<nlm-citation citation-type="journal">
					<person-group person-group-type="author">
						<name>
							<surname>Jarvis</surname>
							<given-names>JC</given-names>
						</name>
						<name>
							<surname>Mokrusch</surname>
							<given-names>T</given-names>
						</name>
						<name>
							<surname>Kwende</surname>
							<given-names>MM</given-names>
						</name>
						<name>
							<surname>Sutherland</surname>
							<given-names>H</given-names>
						</name>
						<name>
							<surname>Salmons</surname>
							<given-names>S</given-names>
						</name>
					</person-group>
					<article-title>Fast-to-slow transformation in stimulated rat muscle</article-title>
					<source>Muscle Nerve</source>
					<year>1996</year>
					<volume>19</volume>
					<fpage>1469</fpage>
					<lpage>1475</lpage>
				</nlm-citation>
			</ref>
			<ref id="pbio-0020294-Lehman1">
				<nlm-citation citation-type="journal">
					<person-group person-group-type="author">
						<name>
							<surname>Lehman</surname>
							<given-names>JJ</given-names>
						</name>
						<name>
							<surname>Barger</surname>
							<given-names>PM</given-names>
						</name>
						<name>
							<surname>Kovacs</surname>
							<given-names>A</given-names>
						</name>
						<name>
							<surname>Saffitz</surname>
							<given-names>JE</given-names>
						</name>
						<name>
							<surname>Medeiros</surname>
							<given-names>DM</given-names>
						</name><etal/>
					</person-group>
					<article-title>Peroxisome proliferator-activated receptor coactivator-1 promotes cardiac mitochondrial biogenesis</article-title>
					<source>J Clin Invest</source>
					<year>2000</year>
					<volume>106</volume>
					<fpage>847</fpage>
					<lpage>856</lpage>
				</nlm-citation>
			</ref>
			<ref id="pbio-0020294-Lillioja1">
				<nlm-citation citation-type="journal">
					<person-group person-group-type="author">
						<name>
							<surname>Lillioja</surname>
							<given-names>S</given-names>
						</name>
						<name>
							<surname>Young</surname>
							<given-names>AA</given-names>
						</name>
						<name>
							<surname>Culter</surname>
							<given-names>CL</given-names>
						</name>
						<name>
							<surname>Ivy</surname>
							<given-names>JL</given-names>
						</name>
						<name>
							<surname>Abbott</surname>
							<given-names>WG</given-names>
						</name><etal/>
					</person-group>
					<article-title>Skeletal muscle capillary density and fiber type are possible determinants of in vivo insulin resistance in man</article-title>
					<source>J Clin Invest</source>
					<year>1987</year>
					<volume>80</volume>
					<fpage>415</fpage>
					<lpage>424</lpage>
				</nlm-citation>
			</ref>
			<ref id="pbio-0020294-Lin1">
				<nlm-citation citation-type="journal">
					<person-group person-group-type="author">
						<name>
							<surname>Lin</surname>
							<given-names>J</given-names>
						</name>
						<name>
							<surname>Wu</surname>
							<given-names>H</given-names>
						</name>
						<name>
							<surname>Tarr</surname>
							<given-names>PT</given-names>
						</name>
						<name>
							<surname>Zhang</surname>
							<given-names>CY</given-names>
						</name>
						<name>
							<surname>Wu</surname>
							<given-names>Z</given-names>
						</name><etal/>
					</person-group>
					<article-title>Transcriptional co-activator PGC-1 drives the formation of slow-twitch muscle fibres</article-title>
					<source>Nature</source>
					<year>2002</year>
					<volume>418</volume>
					<fpage>797</fpage>
					<lpage>801</lpage>
				</nlm-citation>
			</ref>
			<ref id="pbio-0020294-Luquet1">
				<nlm-citation citation-type="journal">
					<person-group person-group-type="author">
						<name>
							<surname>Luquet</surname>
							<given-names>S</given-names>
						</name>
						<name>
							<surname>Lopez-Soriano</surname>
							<given-names>J</given-names>
						</name>
						<name>
							<surname>Holst</surname>
							<given-names>D</given-names>
						</name>
						<name>
							<surname>Fredenrich</surname>
							<given-names>A</given-names>
						</name>
						<name>
							<surname>Melki</surname>
							<given-names>J</given-names>
						</name><etal/>
					</person-group>
					<article-title>Peroxisome proliferator-activated receptor delta controls muscle development and oxidative capability</article-title>
					<source>FASEB J</source>
					<year>2003</year>
					<volume>17</volume>
					<fpage>2299</fpage>
					<lpage>2301</lpage>
				</nlm-citation>
			</ref>
			<ref id="pbio-0020294-Muoio1">
				<nlm-citation citation-type="journal">
					<person-group person-group-type="author">
						<name>
							<surname>Muoio</surname>
							<given-names>DM</given-names>
						</name>
						<name>
							<surname>MacLean</surname>
							<given-names>PS</given-names>
						</name>
						<name>
							<surname>Lang</surname>
							<given-names>DB</given-names>
						</name>
						<name>
							<surname>Li</surname>
							<given-names>S</given-names>
						</name>
						<name>
							<surname>Houmard</surname>
							<given-names>JA</given-names>
						</name><etal/>
					</person-group>
					<article-title>Fatty acid homeostasis and induction of lipid regulatory genes in skeletal muscles of peroxisome proliferator-activated receptor (PPAR) alpha knock-out mice: Evidence for compensatory regulation by PPAR delta</article-title>
					<source>J Biol Chem</source>
					<year>2002</year>
					<volume>277</volume>
					<fpage>26089</fpage>
					<lpage>26097</lpage>
				</nlm-citation>
			</ref>
			<ref id="pbio-0020294-Naya1">
				<nlm-citation citation-type="journal">
					<person-group person-group-type="author">
						<name>
							<surname>Naya</surname>
							<given-names>FJ</given-names>
						</name>
						<name>
							<surname>Mercer</surname>
							<given-names>B</given-names>
						</name>
						<name>
							<surname>Shelton</surname>
							<given-names>J</given-names>
						</name>
						<name>
							<surname>Richardson</surname>
							<given-names>JA</given-names>
						</name>
						<name>
							<surname>Williams</surname>
							<given-names>RS</given-names>
						</name><etal/>
					</person-group>
					<article-title>Stimulation of slow skeletal muscle fibre gene expression by calcineurin in vivo</article-title>
					<source>J Biol Chem</source>
					<year>2000</year>
					<volume>275</volume>
					<fpage>4545</fpage>
					<lpage>4548</lpage>
				</nlm-citation>
			</ref>
			<ref id="pbio-0020294-Ogilvie1">
				<nlm-citation citation-type="journal">
					<person-group person-group-type="author">
						<name>
							<surname>Ogilvie</surname>
							<given-names>RW</given-names>
						</name>
						<name>
							<surname>Feeback</surname>
							<given-names>DL</given-names>
						</name>
					</person-group>
					<article-title>A metachromatic dye-ATPase method for the simultaneous identification of skeletal muscle fibre types I, IIA, IIB and IIC</article-title>
					<source>Stain Technol</source>
					<year>1990</year>
					<volume>65</volume>
					<fpage>231</fpage>
					<lpage>241</lpage>
				</nlm-citation>
			</ref>
			<ref id="pbio-0020294-Olson1">
				<nlm-citation citation-type="journal">
					<person-group person-group-type="author">
						<name>
							<surname>Olson</surname>
							<given-names>EN</given-names>
						</name>
						<name>
							<surname>Williams</surname>
							<given-names>RS</given-names>
						</name>
					</person-group>
					<article-title>Remodeling muscles with calcineurin</article-title>
					<source>Bioessays</source>
					<year>2000</year>
					<volume>22</volume>
					<fpage>510</fpage>
					<lpage>519</lpage>
				</nlm-citation>
			</ref>
			<ref id="pbio-0020294-Petersen1">
				<nlm-citation citation-type="journal">
					<person-group person-group-type="author">
						<name>
							<surname>Petersen</surname>
							<given-names>KF</given-names>
						</name>
						<name>
							<surname>Befroy</surname>
							<given-names>D</given-names>
						</name>
						<name>
							<surname>Dufour</surname>
							<given-names>S</given-names>
						</name>
						<name>
							<surname>Dziura</surname>
							<given-names>J</given-names>
						</name>
						<name>
							<surname>Ariyan</surname>
							<given-names>C</given-names>
						</name><etal/>
					</person-group>
					<article-title>Mitochondrial dysfunction in the elderly: Possible role in insulin resistance</article-title>
					<source>Science</source>
					<year>2003</year>
					<volume>300</volume>
					<fpage>1140</fpage>
					<lpage>1142</lpage>
				</nlm-citation>
			</ref>
			<ref id="pbio-0020294-Pette1">
				<nlm-citation citation-type="journal">
					<person-group person-group-type="author">
						<name>
							<surname>Pette</surname>
							<given-names>D</given-names>
						</name>
					</person-group>
					<article-title>Training effects on the contractile apparatus</article-title>
					<source>Acta Physiol Scand</source>
					<year>1998</year>
					<volume>162</volume>
					<fpage>367</fpage>
					<lpage>376</lpage>
				</nlm-citation>
			</ref>
			<ref id="pbio-0020294-Ryder1">
				<nlm-citation citation-type="journal">
					<person-group person-group-type="author">
						<name>
							<surname>Ryder</surname>
							<given-names>JW</given-names>
						</name>
						<name>
							<surname>Bassel-Duby</surname>
							<given-names>R</given-names>
						</name>
						<name>
							<surname>Olson</surname>
							<given-names>EN</given-names>
						</name>
						<name>
							<surname>Zierath</surname>
							<given-names>JR</given-names>
						</name>
					</person-group>
					<article-title>Skeletal muscle reprogramming by activation of calcineurin improves insulin action on metabolic pathways</article-title>
					<source>J Biol Chem</source>
					<year>2003</year>
					<volume>278</volume>
					<fpage>44298</fpage>
					<lpage>44304</lpage>
				</nlm-citation>
			</ref>
			<ref id="pbio-0020294-Scholte1">
				<nlm-citation citation-type="journal">
					<person-group person-group-type="author">
						<name>
							<surname>Scholte</surname>
							<given-names>HR</given-names>
						</name>
						<name>
							<surname>Yu</surname>
							<given-names>Y</given-names>
						</name>
						<name>
							<surname>Ross</surname>
							<given-names>JD</given-names>
						</name>
						<name>
							<surname>Oosterkamp</surname>
							<given-names>II</given-names>
						</name>
						<name>
							<surname>Boonman</surname>
							<given-names>AM</given-names>
						</name><etal/>
					</person-group>
					<article-title>Rapid isolation of muscle and heart mitochondria, the lability of oxidative phosphorylation and attempts to stabilize the process in vitro by taurine, carnitine and other compounds</article-title>
					<source>Mol Cell Biochem</source>
					<year>1997</year>
					<volume>174</volume>
					<fpage>61</fpage>
					<lpage>66</lpage>
				</nlm-citation>
			</ref>
			<ref id="pbio-0020294-Tanaka1">
				<nlm-citation citation-type="journal">
					<person-group person-group-type="author">
						<name>
							<surname>Tanaka</surname>
							<given-names>T</given-names>
						</name>
						<name>
							<surname>Yamamoto</surname>
							<given-names>J</given-names>
						</name>
						<name>
							<surname>Iwasaki</surname>
							<given-names>S</given-names>
						</name>
						<name>
							<surname>Asaba</surname>
							<given-names>H</given-names>
						</name>
						<name>
							<surname>Hamura</surname>
							<given-names>H</given-names>
						</name><etal/>
					</person-group>
					<article-title>Activation of peroxisome proliferator-activated receptor beta induces fatty acid beta-oxidation in skeletal muscle and attenuates metabolic syndrome</article-title>
					<source>Proc Natl Acad Sci U S A</source>
					<year>2003</year>
					<volume>100</volume>
					<fpage>15924</fpage>
					<lpage>15929</lpage>
				</nlm-citation>
			</ref>
			<ref id="pbio-0020294-Tanner1">
				<nlm-citation citation-type="journal">
					<person-group person-group-type="author">
						<name>
							<surname>Tanner</surname>
							<given-names>CJ</given-names>
						</name>
						<name>
							<surname>Barakat</surname>
							<given-names>HA</given-names>
						</name>
						<name>
							<surname>Dohm</surname>
							<given-names>GL</given-names>
						</name>
						<name>
							<surname>Pories</surname>
							<given-names>WJ</given-names>
						</name>
						<name>
							<surname>MacDonald</surname>
							<given-names>KG</given-names>
						</name><etal/>
					</person-group>
					<article-title>Muscle fiber type is associated with obesity and weight loss</article-title>
					<source>Am J Physiol Endocrinol Metab</source>
					<year>2002</year>
					<volume>282</volume>
					<fpage>E1191</fpage>
					<lpage>E1196</lpage>
				</nlm-citation>
			</ref>
			<ref id="pbio-0020294-Wang1">
				<nlm-citation citation-type="journal">
					<person-group person-group-type="author">
						<name>
							<surname>Wang</surname>
							<given-names>YX</given-names>
						</name>
						<name>
							<surname>Lee</surname>
							<given-names>CH</given-names>
						</name>
						<name>
							<surname>Tiep</surname>
							<given-names>S</given-names>
						</name>
						<name>
							<surname>Yu</surname>
							<given-names>RT</given-names>
						</name>
						<name>
							<surname>Ham</surname>
							<given-names>J</given-names>
						</name><etal/>
					</person-group>
					<article-title>Peroxisome-proliferator-activated receptor delta activates fat metabolism to prevent obesity</article-title>
					<source>Cell</source>
					<year>2003</year>
					<volume>113</volume>
					<fpage>159</fpage>
					<lpage>170</lpage>
				</nlm-citation>
			</ref>
			<ref id="pbio-0020294-Wu1">
				<nlm-citation citation-type="journal">
					<person-group person-group-type="author">
						<name>
							<surname>Wu</surname>
							<given-names>H</given-names>
						</name>
						<name>
							<surname>Kanatous</surname>
							<given-names>SB</given-names>
						</name>
						<name>
							<surname>Thurmond</surname>
							<given-names>FA</given-names>
						</name>
						<name>
							<surname>Gallardo</surname>
							<given-names>T</given-names>
						</name>
						<name>
							<surname>Isotani</surname>
							<given-names>E</given-names>
						</name><etal/>
					</person-group>
					<article-title>Regulation of mitochondrial biogenesis in skeletal muscle by CaMK</article-title>
					<source>Science</source>
					<year>2002</year>
					<volume>296</volume>
					<fpage>349</fpage>
					<lpage>352</lpage>
				</nlm-citation>
			</ref>
			<ref id="pbio-0020294-Wu2">
				<nlm-citation citation-type="journal">
					<person-group person-group-type="author">
						<name>
							<surname>Wu</surname>
							<given-names>Z</given-names>
						</name>
						<name>
							<surname>Puigserver</surname>
							<given-names>P</given-names>
						</name>
						<name>
							<surname>Andersson</surname>
							<given-names>U</given-names>
						</name>
						<name>
							<surname>Zhang</surname>
							<given-names>C</given-names>
						</name>
						<name>
							<surname>Adelmant</surname>
							<given-names>G</given-names>
						</name><etal/>
					</person-group>
					<article-title>Mechanisms controlling mitochondrial biogenesis and respiration through the thermogenic coactivator PGC-1</article-title>
					<source>Cell</source>
					<year>1999</year>
					<volume>98</volume>
					<fpage>115</fpage>
					<lpage>124</lpage>
				</nlm-citation>
			</ref>
		</ref-list>
		<glossary>
			<title>Abbreviations</title>
			<def-list>
				<def-item>
					<term>COX</term>
					<def>
						<p>cytochrome c oxidase</p>
					</def>
				</def-item>
				<def-item>
					<term>mCPT1</term>
					<def>
						<p>muscle carnitine palmitoyltransferase-1</p>
					</def>
				</def-item>
				<def-item>
					<term>PGC-1&alpha;</term>
					<def>
						<p>Peroxisome proliferator-activated receptor-gamma coactivator 1&alpha;</p>
					</def>
				</def-item>
				<def-item>
					<term>PPAR</term>
					<def>
						<p>peroxisome proliferator-activated receptor</p>
					</def>
				</def-item>
				<def-item>
					<term>UCP</term>
					<def>
						<p>uncoupling protein</p>
					</def>
				</def-item>
			</def-list>
		</glossary>
		<fn-group>
			<fn id="n3" fn-type="edited-by">
				<p>Academic Editor: Steve O&apos;Rahilly, University of Cambridge</p>
			</fn>
			<fn id="n4" fn-type="other">
				<p>Citation: Wang YX, Zhang CL, Yu RT, Cho HK, Nelson MC, et al. (2004) Regulation of muscle fiber type and running endurance by PPAR&delta;. PLoS Biol 2(10): e294.</p>
			</fn>
		</fn-group>
	</back>
</article>
