<?xml version="1.0" encoding="UTF-8"?><!DOCTYPE article PUBLIC "-//NLM//DTD Journal Publishing DTD v1.1 20031101//EN" "http://dtd.nlm.nih.gov/publishing/1.1/journalpublishing.dtd">
<article dtd-version="1.1" xmlns:mml="http://www.w3.org/1998/Math/MathML" xmlns:xlink="http://www.w3.org/1999/xlink">
	<front>
		<journal-meta>
			<journal-id journal-id-type="publisher">pbio</journal-id>
			<journal-id journal-id-type="nlm-ta">PLOS Biol</journal-id>
			<journal-id journal-id-type="pmc">plosbiol</journal-id>
			<journal-title>PLoS Biology</journal-title>
			<issn pub-type="epub">1545-7885</issn>
			<issn pub-type="ppub">1544-9173</issn>
			<publisher>
				<publisher-name>Public Library of Science</publisher-name>
				<publisher-loc>San Francisco, USA</publisher-loc>
			</publisher>
		</journal-meta>
		<article-meta>
			<article-id pub-id-type="doi">10.1371/journal.pbio.0020317</article-id>
			<article-categories>
				<subj-group subj-group-type="Article Type">
					<subject>Community Page</subject>
				</subj-group>
				<subj-group subj-group-type="Discipline">
					<subject>Bioinformatics/Computational Biology</subject>
					<subject>Genetics/Genomics/Gene Therapy</subject>
				</subj-group>
				<subj-group subj-group-type="System Taxonomy">
					<subject>None</subject>
				</subj-group>
			</article-categories>
			<title-group>
				<article-title>Submission of Microarray Data to Public Repositories</article-title>
				<alt-title alt-title-type="running-head">Community Page</alt-title>
			</title-group>
			<contrib-group>
				<contrib contrib-type="author">
					<name>
						<surname>Ball</surname>
						<given-names>Catherine A</given-names>
					</name>
				</contrib>
				<contrib contrib-type="author" corresp="yes">
					<name>
						<surname>Brazma</surname>
						<given-names>Alvis</given-names>
					</name>
					<email xmlns:xlink="http://www.w3.org/1999/xlink" xlink:type="simple">brazma&commat;ebi.ac.uk</email>
				</contrib>
				<contrib contrib-type="author">
					<name>
						<surname>Causton</surname>
						<given-names>Helen</given-names>
					</name>
				</contrib>
				<contrib contrib-type="author">
					<name>
						<surname>Chervitz</surname>
						<given-names>Steve</given-names>
					</name>
				</contrib>
				<contrib contrib-type="author">
					<name>
						<surname>Edgar</surname>
						<given-names>Ron</given-names>
					</name>
				</contrib>
				<contrib contrib-type="author">
					<name>
						<surname>Hingamp</surname>
						<given-names>Pascal</given-names>
					</name>
				</contrib>
				<contrib contrib-type="author">
					<name>
						<surname>Matese</surname>
						<given-names>John C</given-names>
					</name>
				</contrib>
				<contrib contrib-type="author">
					<name>
						<surname>Parkinson</surname>
						<given-names>Helen</given-names>
					</name>
				</contrib>
				<contrib contrib-type="author">
					<name>
						<surname>Quackenbush</surname>
						<given-names>John</given-names>
					</name>
				</contrib>
				<contrib contrib-type="author">
					<name>
						<surname>Ringwald</surname>
						<given-names>Martin</given-names>
					</name>
				</contrib>
				<contrib contrib-type="author">
					<name>
						<surname>Sansone</surname>
						<given-names>Susanna-Assunta</given-names>
					</name>
				</contrib>
				<contrib contrib-type="author">
					<name>
						<surname>Sherlock</surname>
						<given-names>Gavin</given-names>
					</name>
				</contrib>
				<contrib contrib-type="author">
					<name>
						<surname>Spellman</surname>
						<given-names>Paul</given-names>
					</name>
				</contrib>
				<contrib contrib-type="author">
					<name>
						<surname>Stoeckert</surname>
						<given-names>Chris</given-names>
					</name>
				</contrib>
				<contrib contrib-type="author">
					<name>
						<surname>Tateno</surname>
						<given-names>Yoshio</given-names>
					</name>
				</contrib>
				<contrib contrib-type="author">
					<name>
						<surname>Taylor</surname>
						<given-names>Ronald</given-names>
					</name>
				</contrib>
				<contrib contrib-type="author">
					<name>
						<surname>White</surname>
						<given-names>Joseph</given-names>
					</name>
				</contrib>
				<contrib contrib-type="author">
					<name>
						<surname>Winegarden</surname>
						<given-names>Neil</given-names>
					</name>
				</contrib>
			</contrib-group>
			<pub-date pub-type="ppub">
				<month>9</month>
				<year>2004</year>
			</pub-date>
			<pub-date pub-type="epub">
				<day>31</day>
				<month>8</month>
				<year>2004</year>
			</pub-date>
			<volume>2</volume>
			<issue>9</issue>
			<elocation-id>e317</elocation-id>
			<copyright-statement>Copyright: &copy; 2004 Ball et al. This is an open-access article distributed under the terms of the Creative Commons Attribution License, which permits unrestricted use, distribution, and reproduction in any medium, provided the original work is properly cited</copyright-statement>
			<copyright-year>2004</copyright-year>
			<abstract abstract-type="toc">
				<p>The Microarray Gene Expression Data Society believe that the time is right for journals to require that microarray data be deposited in public repositories, as a condition for publication</p>
			</abstract>
		</article-meta>
	</front>
	<body>
		<sec id="s1"><title/>
			<p>A fundamental principle guiding the publication of scientific results is that the data supporting any scholarly work must be made fully available to the research community, in a form that allows the basic conclusions to be evaluated independently. In the context of molecular biology, this has typically meant that authors of a paper describing a newly sequenced genome, gene, or protein must deposit the primary data in a permanent, public data repository, such as the sequence databases maintained by the DNA Data Bank of Japan (DDBJ), European Bioinformatics Institute (EBI), and National Center for Biotechnology Information (NCBI). Similarly, we, members of the Microarray Gene Expression Data Society (MGED; <ext-link ext-link-type="uri" xlink:href="http://www.mged.org">http://www.mged.org</ext-link>), believe that all scholarly scientific journals should now require the submission of microarray data to public repositories as part of the process of publication. While some journals have already made this a condition of acceptance, we feel that submission requirements should be applied consistently and that journals should recognize ArrayExpress (<xref ref-type="bibr" rid="pbio-0020317-Brazma2">Brazma et. al. 2003</xref>), Gene Expression Omnibus (GEO) (<xref ref-type="bibr" rid="pbio-0020317-Edgar1">Edgar et. al 2002</xref>), and the Center for Information Biology Gene Expression Database (CIBEX) (<xref ref-type="bibr" rid="pbio-0020317-Ikeo1">Ikeo et. al. 2003</xref>) as acceptable public repositories.</p>
			<p>To this end, the members of MGED propose the following as a new paradigm for the publication of microarray-based studies. (1) Authors should continue to take primary responsibility for ensuring that all data collected and analyzed in their experiments adhere to the &ldquo;Minimum Information about a Microarray Experiment&rdquo; (MIAME) guidelines and should continue to use the MIAME checklist (<ext-link ext-link-type="uri" xlink:href="www.mged.org/Workgroups/MIAME/miame_checklist.html">www.mged.org/Workgroups/MIAME/miame_checklist.html</ext-link>) as a means of achieving this goal. (2) Scientific journals should require that all primary microarray data are submitted to one of the public repositories&mdash;ArrayExpress, GEO, or CIBEX&mdash;in a format that complies with the MIAME guidelines. (3) Public databases should work with authors and scientific journals to establish data submission and release protocols to assure compliance with MIAME guidelines. (4) To assist with the review process, the databases should continue to work in collaboration with publishers to provide qualified referees with secure means of accessing prepublication data. Authors should be strongly encouraged to submit data to the databases during review.</p>
			<p>Naturally, data should be protected from general release prior to either publication or authorization from the data submitters, whichever comes first. At a minimum, journals should require valid accession numbers for microarray data as a requirement for publication, and these accession numbers should be included in the text of the manuscript to allow members of the community to find and access the underlying data.</p>
			<p>Since its inception in 1999, MGED has been working with the broader scientific community to establish standards for the exchange and annotation of microarray data. In December 2001, we proposed the MIAME guidelines (<xref ref-type="bibr" rid="pbio-0020317-Brazma1">Brazma et al. 2001</xref>) and requested that interested parties provide feedback on its relevance and utility. The feedback from both researchers and scientific journals was overwhelmingly positive, yet almost everyone who responded also asked for help in implementing these guidelines.</p>
			<p>Subsequently, in the summer of 2002, we submitted an open letter to various journals (e.g., <xref ref-type="bibr" rid="pbio-0020317-Ball1">Ball et al. 2002a</xref>, <xref ref-type="bibr" rid="pbio-0020317-Ball2">2002b</xref>) urging the community to adopt the MIAME requirements for microarray data publication. We provided a checklist so that authors could ensure that sufficient information to allow their data to be re-analyzed by others would be available. Again, the response from the community was extremely positive, and most of the major scientific journals now require publications describing microarray experiments to comply with the MIAME standards. While the adoption of these standards has greatly improved the accessibility of microarray data, much of it remains on individual authors' websites in a variety of formats; consequently, obtaining and comparing datasets remains a significant challenge. Clearly we need additional requirements for publication that include submission of expression data to public data repositories.</p>
			<p>Though one might ask why this requirement was not part of the original MIAME recommendation, the answer is quite simple&mdash;MIAME was ahead of its time. While NCBI and the EBI had developed nascent microarray data repositories, and work was underway to create a similar database at the DDBJ, submitting data to these databases was a considerable burden for authors. However, since that time, improvements in the data-entry utilities available for GEO (<ext-link ext-link-type="uri" xlink:href="www.ncbi.nlm.nih.gov/geo">www.ncbi.nlm.nih.gov/geo</ext-link>), ArrayExpress (<ext-link ext-link-type="uri" xlink:href="www.ebi.ac.uk/arrayexpress">www.ebi.ac.uk/arrayexpress</ext-link>), and CIBEX (<ext-link ext-link-type="uri" xlink:href="cibex.nig.ac.jp">cibex.nig.ac.jp</ext-link>), as well as a growing number of commercial and academic software packages capable of writing MAGE-ML documents (<xref ref-type="bibr" rid="pbio-0020317-Spellman1">Spellman et al. 2002</xref>) that can be directly submitted to these public databases, have lowered the barriers for data submission to the point where we as a community <bold>must</bold> now reconsider that submission to one of these databases be a requirement.</p>
			<p>Requiring authors to submit microarray data to a public database will provide a number of distinct advantages to the entire research community. (1) These established repositories have a commitment to continued community service and to providing some level of assurance that published gene expression datasets will continue to be available into the future. (2) Having the data available in these public repositories in a standardized format will not only make them more accessible, but it will allow expression data to be integrated with other relevant data, including the available genome sequences, single nucleotide polymorphism and haplotype mapping information, the literature, and other resources that can aid in further interpretation of expression patterns. Although many authors now provide some or all of this information, the established databases are much more likely to assure that these links are maintained and current. (3) Curation of data submitted to public data repositories will assist authors, reviewers, and publishers in assuring that the data comply with the MIAME requirements, further enhancing their utility. (4) The standardization of microarray data formats will enable the development of additional data analysis and integration tools and makes it easier for scientists to access, query, and share data. (5) Finally, submission prior to publication will make it easier for referees to access the data confidentially, facilitating the review and publication process.</p>
			<p>In the same way that availability of sequence data had a profound impact on a wide range of disciplines, we believe that requiring that microarray data be deposited in public repositories as a necessity for publication will accelerate the rate of scientific discovery.</p>
			<p>What this proposal requires is a change in the way in which we approach the publication of microarray-based studies. Both authors and journals have a responsibility to assure that the requisite data are available, and because submitting MIAME-compliant data can take considerable time and effort, this process should be factored into review and publication timelines. However, while this process may be time consuming and painful at first, we believe that the benefits of building an open repository of microarray data will far outweigh any initial disadvantages. As always, it is our sincere hope that these suggestions stimulate discussion within the community and that together we can arrive at a consensus that ensures that microarray data are widely and easily accessible. Finally we would like to urge the DDBJ, EBI, and NCBI to work together towards exchanging all MIAME-compliant microarray data.</p>
		</sec>
	</body>
	<back>
		<ref-list>
			<title>References:</title>
			<ref id="pbio-0020317-Ball1">
				<nlm-citation citation-type="journal">
					<person-group person-group-type="author">
						<name>
							<surname>Ball</surname>
							<given-names>CA</given-names>
						</name>
						<name>
							<surname>Sherlock</surname>
							<given-names>G</given-names>
						</name>
						<name>
							<surname>Parkinson</surname>
							<given-names>H</given-names>
						</name>
						<name>
							<surname>Rocca-Sera</surname>
							<given-names>P</given-names>
						</name>
						<name>
							<surname>Brooksbank</surname>
							<given-names>C</given-names>
						</name><etal/>
					</person-group>
					<article-title>Standards for microarray data</article-title>
					<source>Science</source>
					<year>2002a</year>
					<volume>298</volume>
					<fpage>539</fpage>
				</nlm-citation>
			</ref>
			<ref id="pbio-0020317-Ball2">
				<nlm-citation citation-type="journal">
					<person-group person-group-type="author">
						<name>
							<surname>Ball</surname>
							<given-names>CA</given-names>
						</name>
						<name>
							<surname>Sherlock</surname>
							<given-names>G</given-names>
						</name>
						<name>
							<surname>Parkinson</surname>
							<given-names>H</given-names>
						</name>
						<name>
							<surname>Rocca-Sera</surname>
							<given-names>P</given-names>
						</name>
						<name>
							<surname>Brooksbank</surname>
							<given-names>C</given-names>
						</name><etal/>
					</person-group>
					<article-title>The underlying principles of scientific publication</article-title>
					<source>Bioinformatics</source>
					<year>2002b</year>
					<volume>18</volume>
					<fpage>1409</fpage>
				</nlm-citation>
			</ref>
			<ref id="pbio-0020317-Brazma1">
				<nlm-citation citation-type="journal">
					<person-group person-group-type="author">
						<name>
							<surname>Brazma</surname>
							<given-names>A</given-names>
						</name>
						<name>
							<surname>Hingamp</surname>
							<given-names>P</given-names>
						</name>
						<name>
							<surname>Quackenbush</surname>
							<given-names>J</given-names>
						</name>
						<name>
							<surname>Sherlock</surname>
							<given-names>G</given-names>
						</name>
						<name>
							<surname>Spellman</surname>
							<given-names>P</given-names>
						</name><etal/>
					</person-group>
					<article-title>Minimum information about a microarray experiment (MIAME)-toward standards for microarray data</article-title>
					<source>Nat Genet</source>
					<year>2001</year>
					<volume>29</volume>
					<fpage>365</fpage>
					<lpage>371</lpage>
				</nlm-citation>
			</ref>
			<ref id="pbio-0020317-Brazma2">
				<nlm-citation citation-type="journal">
					<person-group person-group-type="author">
						<name>
							<surname>Brazma</surname>
							<given-names>A</given-names>
						</name>
						<name>
							<surname>Parkinson</surname>
							<given-names>H</given-names>
						</name>
						<name>
							<surname>Sarkans</surname>
							<given-names>U</given-names>
						</name>
						<name>
							<surname>Shojatalab</surname>
							<given-names>M</given-names>
						</name>
						<name>
							<surname>Vilo</surname>
							<given-names>J</given-names>
						</name><etal/>
					</person-group>
					<article-title>ArrayExpress&mdash;A public repository for microarray gene expression data at the EBI</article-title>
					<source>Nucleic Acids Res</source>
					<year>2003</year>
					<volume>31</volume>
					<fpage>68</fpage>
					<lpage>71</lpage>
				</nlm-citation>
			</ref>
			<ref id="pbio-0020317-Edgar1">
				<nlm-citation citation-type="journal">
					<person-group person-group-type="author">
						<name>
							<surname>Edgar</surname>
							<given-names>R</given-names>
						</name>
						<name>
							<surname>Domrachev</surname>
							<given-names>M</given-names>
						</name>
						<name>
							<surname>Lash</surname>
							<given-names>AE</given-names>
						</name>
					</person-group>
					<article-title>Gene Expression Omnibus: NCBI gene expression and hybridization array data repository</article-title>
					<source>Nucleic Acids Res</source>
					<year>2002</year>
					<volume>30</volume>
					<fpage>207</fpage>
					<lpage>210</lpage>
				</nlm-citation>
			</ref>
			<ref id="pbio-0020317-Ikeo1">
				<nlm-citation citation-type="journal">
					<person-group person-group-type="author">
						<name>
							<surname>Ikeo</surname>
							<given-names>K</given-names>
						</name>
						<name>
							<surname>Ishi-i</surname>
							<given-names>J</given-names>
						</name>
						<name>
							<surname>Tamura</surname>
							<given-names>T</given-names>
						</name>
						<name>
							<surname>Gojobori</surname>
							<given-names>T</given-names>
						</name>
						<name>
							<surname>Tateno</surname>
							<given-names>Y</given-names>
						</name>
					</person-group>
					<article-title>CIBEX: Center for information biology gene expression database</article-title>
					<source>C R Biol</source>
					<year>2003</year>
					<volume>326</volume>
					<fpage>1079</fpage>
					<lpage>1082</lpage>
				</nlm-citation>
			</ref>
			<ref id="pbio-0020317-Spellman1">
				<nlm-citation citation-type="journal">
					<person-group person-group-type="author">
						<name>
							<surname>Spellman</surname>
							<given-names>PT</given-names>
						</name>
						<name>
							<surname>Miller</surname>
							<given-names>M</given-names>
						</name>
						<name>
							<surname>Stewart</surname>
							<given-names>J</given-names>
						</name>
						<name>
							<surname>Troup</surname>
							<given-names>C</given-names>
						</name>
						<name>
							<surname>Sarkans</surname>
							<given-names>U</given-names>
						</name><etal/>
					</person-group>
					<article-title>Design and implementation of microarray gene expression markup language (MAGE-ML)</article-title>
					<source>Genome Biol</source>
					<year>2002</year>
					<volume>3</volume>
					<fpage>RESEARCH0046</fpage>
				</nlm-citation>
			</ref>
		</ref-list>
		<glossary>
			<title>Abbreviations</title>
			<def-list>
				<def-item>
					<term>CIBEX</term>
					<def>
						<p>Center for Information Biology Gene Expression Database</p>
					</def>
				</def-item>
				<def-item>
					<term>DDBJ</term>
					<def>
						<p>DNA Data Bank of Japan</p>
					</def>
				</def-item>
				<def-item>
					<term>EBI</term>
					<def>
						<p>European Bioinformatics Institute</p>
					</def>
				</def-item>
				<def-item>
					<term>GEO</term>
					<def>
						<p>Gene Expression Omnibus</p>
					</def>
				</def-item>
				<def-item>
					<term>MIAME</term>
					<def>
						<p>Minimum Information about a Microarray Experiment</p>
					</def>
				</def-item>
				<def-item>
					<term>MGED</term>
					<def>
						<p>Microarray Gene Expression Data Society</p>
					</def>
				</def-item>
				<def-item>
					<term>NCBI</term>
					<def>
						<p>National Center for Biotechnology Information</p>
					</def>
				</def-item>
			</def-list>
		</glossary>
		<fn-group>
			<fn id="n1" fn-type="current-aff">
				<p>Catherine A. Ball is in the Department of Biochemistry, Stanford University School of Medicine, Stanford, California, United States of America; Alvis Brazma is at the European Bioinformatics Institute, European Molecular Biology Laboratory, Hinxton, United Kingdom; Helen Causton is at the Clinical Sciences Centre/Imperial College Microarray Centre, Imperial College, London, United Kingdom; Steve Chervitz is Bioinformatics Engineer at CIS Enterprise Data Group, Affymetrix, Emeryville, California, United States of America; Ron Edgar is at the National Center for Biotechnology Information, National Library of Medicine, Bethesda, Maryland, United States of America; Pascal Hingamp is at the Laboratoire Technologies Avanc&eacute;es pour le G&eacute;nome et la Clinique, Faculte des Sciences de Luminy, Centre d&apos;Immunologie de Marseille Luminy, Universite Aix-Marseille-II, Marseille Cedex, France; John C. Matese is at the Lewis-Sigler Institute for Integrative Genomics, Carl Icahn Laboratory, Princeton University, Princeton, New Jersey, United States of America; Helen Parkinson is at the European Bioinformatics Institute, European Molecular Biology Laboratory, Hinxton, United Kingdom; John Quackenbush is at The Institute for Genomic Research, Rockville, Maryland, United States of America; Martin Ringwald is at the Jackson Laboratory, Bar Harbor, Maine, United States of America; Susanna-Assunta Sansone is at the European Bioinformatics Institute, European Molecular Biology Laboratory, Hinxton, United Kingdom; Gavin Sherlock is in the Department of Genetics, Stanford University School of Medicine, Stanford, California, United States of America; Paul Spellman is Computational Scientist at Lawrence Berkeley National Laboratory, Berkeley, California, United States of America; Chris Stoeckert is Research Associate Professor in the Department of Genetics, Center for Bioinformatics, University of Pennsylvania, Philadelphia, Pennsylvania, United States of America; Yoshio Tateno is Professor at the Center for Information Biology and DNA Data Bank of Japan, National Institute of Genetics, Research Organization of Information and Systems, Mishima, Japan; Ronald Taylor is Senior Research Scientist II at Computational BioSciences Group, Biological Sciences Division, Pacific Northwest National Laboratory, Richland, Washington, United States of America; Joseph White is at The Institute for Genomic Research, Rockville, Maryland, United States of America; and Neil Winegarden is at the University Health Network, Microarray Centre, Toronto, Ontario, Canada.</p>
			</fn>
			<fn id="n2" fn-type="other">
				<p>Citation: Ball CA, Brazma A, Causton H, Chervitz S, Edgar R, et al. (2004) Submission of microarray data to public repositories. PLOS Biol 2(9): e317.</p>
			</fn>
		</fn-group>
	</back>
</article>