<?xml version="1.0" encoding="UTF-8"?>
<!DOCTYPE article PUBLIC "-//NLM//DTD Journal Publishing DTD v1.1 20031101//EN" "http://dtd.nlm.nih.gov/publishing/1.1/journalpublishing.dtd">
<article article-type="correction" dtd-version="1.1" xmlns:mml="http://www.w3.org/1998/Math/MathML" xmlns:xlink="http://www.w3.org/1999/xlink">
	<front>
		<journal-meta>
			<journal-id journal-id-type="publisher">pbio</journal-id>
			<journal-id journal-id-type="nlm-ta">PLOS Biol</journal-id>
			<journal-id journal-id-type="pmc">plosbiol</journal-id>
			<journal-title>PLoS Biology</journal-title>
			<issn pub-type="epub">1545-7885</issn>
			<issn pub-type="ppub">1544-9173</issn>
			<publisher>
				<publisher-name>Public Library of Science</publisher-name>
				<publisher-loc>San Francisco, USA</publisher-loc>
			</publisher>
		</journal-meta>
		<article-meta>
			<article-id pub-id-type="doi">10.1371/journal.pbio.0020382</article-id>
			<article-categories>
				<subj-group subj-group-type="Article Type">
					<subject>Correction</subject>
				</subj-group>
				<subj-group subj-group-type="Discipline">
					<subject>Biotechnology</subject>
					<subject>Ecology</subject>
					<subject>Genetics/Genomics/Gene Therapy</subject>
					<subject>Plant Science</subject>
				</subj-group>
				<subj-group subj-group-type="System Taxonomy">
					<subject>Plants</subject>
					<subject>Insects</subject>
				</subj-group>
			</article-categories>
			<title-group>
				<article-title>Correction: Nicotine&apos;s Defensive Function in Nature</article-title>
			</title-group><!-- author-notes -->
			<pub-date pub-type="ppub">
				<month>10</month>
				<year>2004</year>
			</pub-date>
			<pub-date pub-type="epub">
				<day>12</day>
				<month>10</month>
				<year>2004</year>
			</pub-date>
			<volume>2</volume>
			<issue>10</issue>
			<elocation-id>e382</elocation-id>
			<copyright-statement>Copyright: &copy; 2004 Public Library of Science. This is an open-access article distributed under the terms of the Creative Commons Attribution License, which permits unrestricted use, distribution, and reproduction in any medium, provided the original work is properly cited</copyright-statement>
			<copyright-year>2004</copyright-year>
			<related-article related-article-type="corrected-article" xlink:title="correction" xlink:href="10.1371/journal.pbio.0020217" vol="2" page="e217">
				<article-title>Nicotine&apos;s Defensive Function in Nature</article-title>
			</related-article>
			<abstract abstract-type="toc">
				<p>July correction</p>
			</abstract>
		</article-meta>
	</front>
	<body>
		<sec id="s1"><title/>
			<p><bold>In <italic>PLoS Biology</italic>, volume 2, issue 8</bold></p>
			<p>Nicotine&apos;s Defensive Function in Nature</p>
			<p><bold>Anke Steppuhn, Klaus Gase, Bernd Krock, Rayko Halitschke, Ian T. Baldwin</bold></p>
			<p>DOI: <ext-link ext-link-type="doi" xlink:href="10.1371/journal.pbio.0020217">10.1371/journal.pbio.0020217</ext-link></p>
			<p>The Academic Editor was erroneously listed as Michael Levine. The Academic Editor for this paper is Joy Bergelson, Chicago University.</p>
			<p>This correction note may be found online at DOI: 10.1371/journal.pbio.0020382.</p>
		</sec>
	</body>
</article>